mean_fit_time,std_fit_time,mean_score_time,std_score_time,param_preprocessing,param_regressor,param_regressor__max_depth,param_regressor__min_samples_split,param_regressor__activation,param_regressor__alpha,param_regressor__hidden_layer_sizes,param_regressor__max_iter,params,split0_test_RMSLE,split1_test_RMSLE,split2_test_RMSLE,split3_test_RMSLE,mean_test_RMSLE,std_test_RMSLE,rank_test_RMSLE,split0_test_R-squared,split1_test_R-squared,split2_test_R-squared,split3_test_R-squared,mean_test_R-squared,std_test_R-squared,rank_test_R-squared,features_transform,target_transform
1.6592894196510315,0.026013316336757762,0.04947543144226074,0.008495493094151004,MinMaxScaler(),RandomForestRegressor(),5,2,,,,,"{'preprocessing': MinMaxScaler(), 'regressor': RandomForestRegressor(), 'regressor__max_depth': 5, 'regressor__min_samples_split': 2}",-0.5735870792511601,-0.5418789376605275,-0.5675145544466451,-0.569884974677136,-0.5632163865088672,0.012507820624412108,118,0.6143514182872036,0.583631317637846,0.6020704969963466,0.5933012651509912,0.5983386245180968,0.011313888605924829,123,"[0,1]",log
1.837684452533722,0.02057260595903294,0.061157405376434326,0.011816288359963038,MinMaxScaler(),RandomForestRegressor(),5,4,,,,,"{'preprocessing': MinMaxScaler(), 'regressor': RandomForestRegressor(), 'regressor__max_depth': 5, 'regressor__min_samples_split': 4}",-0.5722902794885831,-0.5383173070898436,-0.5688467036901247,-0.5669207783467523,-0.5615937671538258,0.013575631715383608,115,0.6159888090779877,0.5836614104803035,0.5991205932089718,0.5970930109461405,0.5989659559283509,0.011484102885297488,122,"[0,1]",log
2.0769314765930176,0.04876955385559515,0.07450783252716064,0.022986744267399002,MinMaxScaler(),RandomForestRegressor(),5,7,,,,,"{'preprocessing': MinMaxScaler(), 'regressor': RandomForestRegressor(), 'regressor__max_depth': 5, 'regressor__min_samples_split': 7}",-0.5720755104326145,-0.5428992254211528,-0.5645989198314485,-0.568861239286964,-0.562108723743045,0.011403280289282202,117,0.6146216296922578,0.5876974387290452,0.6059812467252821,0.5912919754507981,0.5998980726493458,0.010916827788809166,119,"[0,1]",log
2.5258175134658813,0.06625011929307034,0.10412919521331787,0.05411121529259366,MinMaxScaler(),RandomForestRegressor(),5,10,,,,,"{'preprocessing': MinMaxScaler(), 'regressor': RandomForestRegressor(), 'regressor__max_depth': 5, 'regressor__min_samples_split': 10}",-0.578397993922743,-0.5430706266481049,-0.5650404948573426,-0.5698443146664571,-0.5640883575236619,0.013043660463642234,120,0.617336833051782,0.5870426298593838,0.601588748034233,0.5905613820799434,0.5991323982563355,0.01180105841271184,121,"[0,1]",log
1.7799120545387268,0.03368179973414798,0.0374295711517334,0.006529461230120246,MinMaxScaler(),RandomForestRegressor(),5,15,,,,,"{'preprocessing': MinMaxScaler(), 'regressor': RandomForestRegressor(), 'regressor__max_depth': 5, 'regressor__min_samples_split': 15}",-0.5786885893026034,-0.5419367637606687,-0.569682927521507,-0.570438486450228,-0.5651866917587517,0.01388036268182869,121,0.6168719653208926,0.5933727191641798,0.6044307125818565,0.5923384004722108,0.6017534493847849,0.00993248517987146,115,"[0,1]",log
1.4769617319107056,0.007700096934680859,0.04128289222717285,0.00525610705137264,MinMaxScaler(),RandomForestRegressor(),5,20,,,,,"{'preprocessing': MinMaxScaler(), 'regressor': RandomForestRegressor(), 'regressor__max_depth': 5, 'regressor__min_samples_split': 20}",-0.5774047071209849,-0.5406157916648625,-0.5671629408455302,-0.568305086444604,-0.5633721315189953,0.013724689989491359,119,0.6132635916877791,0.583030214843191,0.5988485919860554,0.590609131872664,0.5964378825974224,0.011209994377440448,124,"[0,1]",log
1.4838135838508606,0.014404398118854465,0.0436210036277771,0.008648645625403977,MinMaxScaler(),RandomForestRegressor(),5,30,,,,,"{'preprocessing': MinMaxScaler(), 'regressor': RandomForestRegressor(), 'regressor__max_depth': 5, 'regressor__min_samples_split': 30}",-0.5812953899891238,-0.5412702918896751,-0.5725946242999278,-0.5668046113245564,-0.5654912293758207,0.014904768507007645,123,0.6133541987233092,0.5860043167041249,0.6024601563195495,0.5957482672496288,0.5993917347491531,0.00996071569335906,120,"[0,1]",log
1.7748211026191711,0.022840881678808028,0.05496776103973389,0.014328575962794021,MinMaxScaler(),RandomForestRegressor(),5,40,,,,,"{'preprocessing': MinMaxScaler(), 'regressor': RandomForestRegressor(), 'regressor__max_depth': 5, 'regressor__min_samples_split': 40}",-0.5689538128704758,-0.5408164017394996,-0.5727980079952002,-0.5649216943812213,-0.5618724792465992,0.012471653631849954,116,0.6171566419356789,0.5868879138037677,0.6015334407766548,0.5940766371508359,0.5999136584167344,0.011221463981015155,118,"[0,1]",log
1.6120343208312988,0.040064702483234176,0.055939555168151855,0.01071651217243553,MinMaxScaler(),RandomForestRegressor(),5,50,,,,,"{'preprocessing': MinMaxScaler(), 'regressor': RandomForestRegressor(), 'regressor__max_depth': 5, 'regressor__min_samples_split': 50}",-0.5716758001596138,-0.5443132854493418,-0.5716146892549574,-0.5733452229631114,-0.5652372494567561,0.012100394391261404,122,0.6132265912351582,0.5897133543442779,0.6067945742328272,0.5955060293636055,0.6013101372939672,0.009222987134306762,116,"[0,1]",log
1.956034004688263,0.03339219123639595,0.05780726671218872,0.0238944436808365,MinMaxScaler(),RandomForestRegressor(),5,70,,,,,"{'preprocessing': MinMaxScaler(), 'regressor': RandomForestRegressor(), 'regressor__max_depth': 5, 'regressor__min_samples_split': 70}",-0.5795468812179273,-0.5477475608413648,-0.5658301992886876,-0.5725872298306093,-0.5664279677946472,0.01182536816934384,124,0.6148276947551737,0.5860458822930736,0.6063455639370486,0.5927005819854572,0.5999799307426883,0.01127080306212928,117,"[0,1]",log
4.172131061553955,0.06773735959475803,0.0803787112236023,0.011989999694741951,MinMaxScaler(),RandomForestRegressor(),10,2,,,,,"{'preprocessing': MinMaxScaler(), 'regressor': RandomForestRegressor(), 'regressor__max_depth': 10, 'regressor__min_samples_split': 2}",-0.3612465893964236,-0.34921603191340017,-0.35319543869743125,-0.35302695029161985,-0.3541712525747187,0.004383954931940552,80,0.8976880667331565,0.8874006425893921,0.8884106476335027,0.8995061129615234,0.8932513674793937,0.005396056237648187,88,"[0,1]",log
3.473827600479126,0.05379566934090245,0.05553704500198364,0.002427301782513069,MinMaxScaler(),RandomForestRegressor(),10,4,,,,,"{'preprocessing': MinMaxScaler(), 'regressor': RandomForestRegressor(), 'regressor__max_depth': 10, 'regressor__min_samples_split': 4}",-0.35841612440777587,-0.34770184244510194,-0.35014029533193186,-0.351935885310566,-0.35204853687384396,0.003971586572647323,74,0.8983285266221355,0.8926359330128941,0.8899137177368659,0.9019633724548017,0.8957103874566743,0.004717205847849759,86,"[0,1]",log
2.6563313007354736,0.009897801262792114,0.05523937940597534,0.0013325196082794013,MinMaxScaler(),RandomForestRegressor(),10,7,,,,,"{'preprocessing': MinMaxScaler(), 'regressor': RandomForestRegressor(), 'regressor__max_depth': 10, 'regressor__min_samples_split': 7}",-0.35895986853450496,-0.34764354909265355,-0.3497451484423433,-0.3521661881405168,-0.3521286885525047,0.004256294327130241,75,0.9007504750457032,0.8888785886388448,0.8909495541271764,0.8991980658068016,0.8949441709046314,0.005112656868964672,87,"[0,1]",log
2.5928956866264343,0.028836447750368168,0.05373382568359375,0.0008656319500156902,MinMaxScaler(),RandomForestRegressor(),10,10,,,,,"{'preprocessing': MinMaxScaler(), 'regressor': RandomForestRegressor(), 'regressor__max_depth': 10, 'regressor__min_samples_split': 10}",-0.36308216656399056,-0.35071514635743156,-0.3522011828735403,-0.3549146934565103,-0.3552282973128682,0.00477790652293957,81,0.8946535776343068,0.8858028550418495,0.8886083849479128,0.9000155065484201,0.8922700810431223,0.0054978564619203325,90,"[0,1]",log
2.545595407485962,0.020391912897533854,0.04992246627807617,0.0014211433045833014,MinMaxScaler(),RandomForestRegressor(),10,15,,,,,"{'preprocessing': MinMaxScaler(), 'regressor': RandomForestRegressor(), 'regressor__max_depth': 10, 'regressor__min_samples_split': 15}",-0.3647026929456304,-0.3515515900675698,-0.35758512952700966,-0.3549425971842121,-0.3571955024311055,0.004833193755530244,82,0.8917730602679741,0.8880250061289787,0.8892689369917391,0.898062203559905,0.8917823017371492,0.0038688346093769285,91,"[0,1]",log
2.873250901699066,0.028112184741629572,0.07336711883544922,0.011920238228098635,MinMaxScaler(),RandomForestRegressor(),10,20,,,,,"{'preprocessing': MinMaxScaler(), 'regressor': RandomForestRegressor(), 'regressor__max_depth': 10, 'regressor__min_samples_split': 20}",-0.37007732596275045,-0.35162225560645016,-0.3581404491020534,-0.36084287197453746,-0.3601707256614479,0.006629307531424143,83,0.8949461584719582,0.8903179150473808,0.8885587949457991,0.8956486055476219,0.89236786850319,0.003005085907855102,89,"[0,1]",log
2.783938407897949,0.02004779649784296,0.05081278085708618,0.003077621167001228,MinMaxScaler(),RandomForestRegressor(),10,30,,,,,"{'preprocessing': MinMaxScaler(), 'regressor': RandomForestRegressor(), 'regressor__max_depth': 10, 'regressor__min_samples_split': 30}",-0.3834389056822188,-0.3604425168888442,-0.37007446419302026,-0.3691970371064098,-0.37078823096762326,0.008217583760553404,92,0.8876487434561686,0.8822138366716789,0.8810427480391623,0.8899261894442405,0.8852078794028126,0.003692318991038136,100,"[0,1]",log
2.343214213848114,0.016012871905388637,0.050081610679626465,0.0026546622046208957,MinMaxScaler(),RandomForestRegressor(),10,40,,,,,"{'preprocessing': MinMaxScaler(), 'regressor': RandomForestRegressor(), 'regressor__max_depth': 10, 'regressor__min_samples_split': 40}",-0.38683059147531923,-0.37013397306738843,-0.37861666029998525,-0.3784482182367415,-0.3785073607698586,0.005903499708196628,100,0.8858224217355414,0.8717694116774397,0.8780466176628788,0.8841902691378285,0.879957180053422,0.005545491475358286,102,"[0,1]",log
2.259809672832489,0.020149891038725994,0.04778087139129639,0.002866063428871497,MinMaxScaler(),RandomForestRegressor(),10,50,,,,,"{'preprocessing': MinMaxScaler(), 'regressor': RandomForestRegressor(), 'regressor__max_depth': 10, 'regressor__min_samples_split': 50}",-0.39894023027700276,-0.381665259356482,-0.3908764425672445,-0.39137825235304646,-0.39071504613844393,0.006124095570010518,104,0.8823089247485683,0.8636000168544041,0.8708590597370626,0.8806855369275765,0.8743633845669029,0.0076031506015191725,103,"[0,1]",log
2.1608960032463074,0.01577188967627225,0.04874950647354126,0.00451119426469159,MinMaxScaler(),RandomForestRegressor(),10,70,,,,,"{'preprocessing': MinMaxScaler(), 'regressor': RandomForestRegressor(), 'regressor__max_depth': 10, 'regressor__min_samples_split': 70}",-0.42027785779896387,-0.40822383874754004,-0.41152194006581244,-0.41104541797442257,-0.41276726364668476,0.00451573132711032,112,0.8704159787117889,0.8502498543761621,0.8598659099201915,0.8698105551042719,0.8625855745281037,0.008262598581143078,108,"[0,1]",log
4.0009605884552,0.040009886624411704,0.08676141500473022,0.007110508946450421,MinMaxScaler(),RandomForestRegressor(),15,2,,,,,"{'preprocessing': MinMaxScaler(), 'regressor': RandomForestRegressor(), 'regressor__max_depth': 15, 'regressor__min_samples_split': 2}",-0.33300195778536307,-0.32112682128646886,-0.32697891579323635,-0.32545204054939164,-0.326639933853615,0.004254284838364964,19,0.9309892440900002,0.9431168564544775,0.9327551269489476,0.9425457479723403,0.9373517438664414,0.0055187066486685026,16,"[0,1]",log
4.418583452701569,0.019046125776590248,0.0849347710609436,0.019830066523380964,MinMaxScaler(),RandomForestRegressor(),15,4,,,,,"{'preprocessing': MinMaxScaler(), 'regressor': RandomForestRegressor(), 'regressor__max_depth': 15, 'regressor__min_samples_split': 4}",-0.3314629185140003,-0.3214082841618245,-0.32861638496472995,-0.32727743276543886,-0.3271912551014984,0.003664978953406718,22,0.9314532256719275,0.943150456390353,0.9285917671436438,0.9417845190650334,0.9362449920677394,0.00632267099008538,20,"[0,1]",log
4.072662949562073,0.03309906954870717,0.07584452629089355,0.0060280152604595075,MinMaxScaler(),RandomForestRegressor(),15,7,,,,,"{'preprocessing': MinMaxScaler(), 'regressor': RandomForestRegressor(), 'regressor__max_depth': 15, 'regressor__min_samples_split': 7}",-0.3359278514086524,-0.3210323212870448,-0.330911161373607,-0.32924040984264763,-0.32927793597798793,0.005359113039258812,36,0.9296527791857673,0.9421259891661486,0.9282198444066164,0.9410689687257197,0.935266895371063,0.006361808916104484,26,"[0,1]",log
3.6808000206947327,0.02851859722174466,0.07741755247116089,0.011121870552626967,MinMaxScaler(),RandomForestRegressor(),15,10,,,,,"{'preprocessing': MinMaxScaler(), 'regressor': RandomForestRegressor(), 'regressor__max_depth': 15, 'regressor__min_samples_split': 10}",-0.33793921751737716,-0.32185650504103414,-0.33188907347629015,-0.3303650934299406,-0.3305124723661605,0.005744542302090456,43,0.9285733191126448,0.9411375049074248,0.9269084555755918,0.9373295340628524,0.9334872034146283,0.005931205606870178,29,"[0,1]",log
3.5262696743011475,0.07088861038456168,0.09556269645690918,0.021718947017118167,MinMaxScaler(),RandomForestRegressor(),15,15,,,,,"{'preprocessing': MinMaxScaler(), 'regressor': RandomForestRegressor(), 'regressor__max_depth': 15, 'regressor__min_samples_split': 15}",-0.34169857979902074,-0.3240642384682539,-0.3368754868536704,-0.3343068128436903,-0.33423627949115886,0.00644450802840162,51,0.9259921642995768,0.9382019868876001,0.9243789128527186,0.9350721517780529,0.9309113039544872,0.005859538819161336,38,"[0,1]",log
4.264414608478546,0.09234017827744884,0.0711628794670105,0.007526419968752694,MinMaxScaler(),RandomForestRegressor(),15,20,,,,,"{'preprocessing': MinMaxScaler(), 'regressor': RandomForestRegressor(), 'regressor__max_depth': 15, 'regressor__min_samples_split': 20}",-0.352854822973023,-0.3293358151039358,-0.34477366947853233,-0.339587240965027,-0.34163788713012955,0.008532275582636958,65,0.9204234310386534,0.9345281654253786,0.9172696542791895,0.9307185398257012,0.9257349476422307,0.007106867636051833,49,"[0,1]",log
3.31549471616745,0.04418724896953508,0.07490664720535278,0.008210291399849686,MinMaxScaler(),RandomForestRegressor(),15,30,,,,,"{'preprocessing': MinMaxScaler(), 'regressor': RandomForestRegressor(), 'regressor__max_depth': 15, 'regressor__min_samples_split': 30}",-0.3634239531316851,-0.3382598751466741,-0.3555803115262142,-0.35327144978999847,-0.352633897398643,0.009112157369211825,78,0.9150906254182825,0.9297209378611588,0.9103817752255148,0.9216893159002191,0.9192206636012937,0.0072720899131196535,57,"[0,1]",log
3.503872036933899,0.03544509411860469,0.08150345087051392,0.028501973061620233,MinMaxScaler(),RandomForestRegressor(),15,40,,,,,"{'preprocessing': MinMaxScaler(), 'regressor': RandomForestRegressor(), 'regressor__max_depth': 15, 'regressor__min_samples_split': 40}",-0.375160959937061,-0.3513527724690185,-0.3661233588270204,-0.36525341204657985,-0.36447262581991996,0.008510369920592073,91,0.9086335688206052,0.9207544534759288,0.9004175449767376,0.9121547965321923,0.910490090951366,0.007297794864537666,69,"[0,1]",log
3.5526442527770996,0.03187714138191124,0.09505510330200195,0.02137221550638029,MinMaxScaler(),RandomForestRegressor(),15,50,,,,,"{'preprocessing': MinMaxScaler(), 'regressor': RandomForestRegressor(), 'regressor__max_depth': 15, 'regressor__min_samples_split': 50}",-0.38426539340055244,-0.36572565052919326,-0.38311190733173967,-0.38111139909507297,-0.3785535875891396,0.00749168494760853,101,0.9031886890181121,0.9115182271382094,0.8911194803212327,0.9044298057023402,0.9025640505449737,0.007331894052670741,78,"[0,1]",log
5.347670614719391,0.08036520610494201,0.11198437213897705,0.015625907104139483,MinMaxScaler(),RandomForestRegressor(),15,70,,,,,"{'preprocessing': MinMaxScaler(), 'regressor': RandomForestRegressor(), 'regressor__max_depth': 15, 'regressor__min_samples_split': 70}",-0.4091146058767418,-0.3935151424909086,-0.4044052481901417,-0.40287406509062773,-0.40247726541210493,0.005662342785354426,110,0.8869681265969285,0.8918865505603184,0.8768282702672299,0.8867541140082787,0.8856092653581888,0.0054696290229338685,99,"[0,1]",log
6.3571582436561584,0.0928402270756043,0.10815811157226562,0.0032354972169765196,MinMaxScaler(),RandomForestRegressor(),20,2,,,,,"{'preprocessing': MinMaxScaler(), 'regressor': RandomForestRegressor(), 'regressor__max_depth': 20, 'regressor__min_samples_split': 2}",-0.3327395115960468,-0.32127601850679316,-0.32986562548318354,-0.32420507667632786,-0.32702155806558786,0.00452016327940817,20,0.9340422149961954,0.9441958884265624,0.9319810465545407,0.9456152333550982,0.9389585958330993,0.006012425701765815,7,"[0,1]",log
5.065160751342773,0.04604946120717898,0.13969343900680542,0.028251890234589624,MinMaxScaler(),RandomForestRegressor(),20,4,,,,,"{'preprocessing': MinMaxScaler(), 'regressor': RandomForestRegressor(), 'regressor__max_depth': 20, 'regressor__min_samples_split': 4}",-0.33113822039356433,-0.3205233086773213,-0.328483914751809,-0.3250042990553903,-0.32628743571952123,0.003975746230290252,16,0.9331573418948246,0.9447624149335966,0.9328844123382524,0.9437503027495426,0.938638617979054,0.005629952939445615,9,"[0,1]",log
6.088672637939453,0.045628915366714796,0.16766375303268433,0.045574758571943735,MinMaxScaler(),RandomForestRegressor(),20,7,,,,,"{'preprocessing': MinMaxScaler(), 'regressor': RandomForestRegressor(), 'regressor__max_depth': 20, 'regressor__min_samples_split': 7}",-0.3347106198729919,-0.320144643350961,-0.3293096762905056,-0.3281123198735448,-0.3280693148470008,0.005206911193578246,30,0.9319379168158455,0.9450374383363547,0.9298023338881711,0.9431658338322106,0.9374858807181454,0.006691499928804166,14,"[0,1]",log
5.650061845779419,0.08055063227101264,0.1319032907485962,0.060391482617039846,MinMaxScaler(),RandomForestRegressor(),20,10,,,,,"{'preprocessing': MinMaxScaler(), 'regressor': RandomForestRegressor(), 'regressor__max_depth': 20, 'regressor__min_samples_split': 10}",-0.33788032646306765,-0.3210385905362519,-0.3336135816254247,-0.3284175020642931,-0.3302375001722593,0.0062797900302141735,42,0.9301104271862725,0.9426342954461914,0.9275440291871403,0.9402825569828316,0.9351428272006089,0.006434393908182519,27,"[0,1]",log
5.067708313465118,0.06237820236242869,0.20233505964279175,0.02395559245247084,MinMaxScaler(),RandomForestRegressor(),20,15,,,,,"{'preprocessing': MinMaxScaler(), 'regressor': RandomForestRegressor(), 'regressor__max_depth': 20, 'regressor__min_samples_split': 15}",-0.3413606386063605,-0.32518716056041713,-0.3354381284783235,-0.331661324904257,-0.33341181313733953,0.005873646636956046,47,0.9272313761629434,0.9396940967372057,0.9253119828665601,0.9372228514537017,0.9323650768051026,0.006193010659020113,33,"[0,1]",log
4.6776344776153564,0.0860325414335168,0.0763501524925232,0.006153220757512256,MinMaxScaler(),RandomForestRegressor(),20,20,,,,,"{'preprocessing': MinMaxScaler(), 'regressor': RandomForestRegressor(), 'regressor__max_depth': 20, 'regressor__min_samples_split': 20}",-0.3500154051992964,-0.32498222939839516,-0.34388657098832853,-0.33957328444134977,-0.33961437250684245,0.009226787917660125,60,0.9226521450667752,0.9378831551854464,0.9176443688877367,0.9316459541071104,0.9274564058117671,0.007836236458353935,46,"[0,1]",log
3.542704224586487,0.03338307387854466,0.07776236534118652,0.007591471076465021,MinMaxScaler(),RandomForestRegressor(),20,30,,,,,"{'preprocessing': MinMaxScaler(), 'regressor': RandomForestRegressor(), 'regressor__max_depth': 20, 'regressor__min_samples_split': 30}",-0.3647667227321617,-0.33821861339834597,-0.3550748622450041,-0.3521613829289632,-0.35255539532611874,0.009502141763657261,77,0.9159009831246546,0.9292112267776765,0.9100748562532616,0.9198926324522743,0.9187699246519667,0.006966281339971144,60,"[0,1]",log
3.176752746105194,0.03890532330865312,0.07353097200393677,0.00672647019770923,MinMaxScaler(),RandomForestRegressor(),20,40,,,,,"{'preprocessing': MinMaxScaler(), 'regressor': RandomForestRegressor(), 'regressor__max_depth': 20, 'regressor__min_samples_split': 40}",-0.3752323779927188,-0.348530792750157,-0.36397120604049105,-0.36532433535511555,-0.3632646780346206,0.009553200876718541,86,0.9097867710140167,0.921554999303908,0.9010527125754869,0.9122430969442262,0.9111593949594095,0.0073019196959465665,65,"[0,1]",log
3.7564783096313477,0.1004594854455552,0.13615882396697998,0.02076903996883847,MinMaxScaler(),RandomForestRegressor(),20,50,,,,,"{'preprocessing': MinMaxScaler(), 'regressor': RandomForestRegressor(), 'regressor__max_depth': 20, 'regressor__min_samples_split': 50}",-0.38606527950832936,-0.3629587177158688,-0.3814451491459965,-0.3807613753723967,-0.3778076304356478,0.008812422037764075,96,0.9025073828578292,0.9134273089620223,0.8940412255687054,0.9038475118625477,0.9034558573127762,0.006876011488278703,76,"[0,1]",log
3.9395062923431396,0.12945559411748458,0.06357979774475098,0.020302795587996754,MinMaxScaler(),RandomForestRegressor(),20,70,,,,,"{'preprocessing': MinMaxScaler(), 'regressor': RandomForestRegressor(), 'regressor__max_depth': 20, 'regressor__min_samples_split': 70}",-0.41053811838232757,-0.3918724050999701,-0.40779260154229713,-0.40101793754755594,-0.4028052656430377,0.007200564426394764,111,0.8860764359634777,0.8958177719784708,0.8762407071763421,0.8878007565005951,0.8864839179047214,0.006963194369613274,97,"[0,1]",log
5.785847246646881,0.057187573696054685,0.1150212287902832,0.008033820046473135,MinMaxScaler(),RandomForestRegressor(),30,2,,,,,"{'preprocessing': MinMaxScaler(), 'regressor': RandomForestRegressor(), 'regressor__max_depth': 30, 'regressor__min_samples_split': 2}",-0.33170814619623573,-0.3222514289124276,-0.3297452399019851,-0.3270135967542107,-0.3276796029412148,0.003549811767516795,27,0.93427412369996,0.9451938637330748,0.931745484597968,0.9436686099291391,0.9387205204900355,0.005805371046496401,8,"[0,1]",log
5.775251924991608,0.0773385651658425,0.1740667223930359,0.05131838747702378,MinMaxScaler(),RandomForestRegressor(),30,4,,,,,"{'preprocessing': MinMaxScaler(), 'regressor': RandomForestRegressor(), 'regressor__max_depth': 30, 'regressor__min_samples_split': 4}",-0.3315062295055647,-0.3203756702705617,-0.33019649042957616,-0.3278635212663012,-0.327485477868001,0.0043072123735541975,24,0.9347105324981925,0.9453842341115859,0.929962709068873,0.9433175685947148,0.9383437610683416,0.00627991648915017,11,"[0,1]",log
5.40689218044281,0.043778793375193484,0.1231873631477356,0.028305278968291762,MinMaxScaler(),RandomForestRegressor(),30,7,,,,,"{'preprocessing': MinMaxScaler(), 'regressor': RandomForestRegressor(), 'regressor__max_depth': 30, 'regressor__min_samples_split': 7}",-0.33533877020491176,-0.3194403093414944,-0.3300850284079145,-0.32798816892156435,-0.3282130692189712,0.005729130426114935,31,0.9319749163767758,0.94412078365232,0.9298989347177735,0.9413770493319498,0.9368429210197048,0.006029967226612967,19,"[0,1]",log
4.761399924755096,0.12060468684388269,0.11064738035202026,0.030128350510537687,MinMaxScaler(),RandomForestRegressor(),30,10,,,,,"{'preprocessing': MinMaxScaler(), 'regressor': RandomForestRegressor(), 'regressor__max_depth': 30, 'regressor__min_samples_split': 10}",-0.33670872991752354,-0.32167977362752115,-0.3309285760417139,-0.33026167854053806,-0.32989468953182416,0.005364689924416916,40,0.9311355804261291,0.9431859893266809,0.9283823844902308,0.9388316428815103,0.9353838992811377,0.005912464957058596,24,"[0,1]",log
4.693655729293823,0.15095271801620092,0.14676415920257568,0.026563267572274965,MinMaxScaler(),RandomForestRegressor(),30,15,,,,,"{'preprocessing': MinMaxScaler(), 'regressor': RandomForestRegressor(), 'regressor__max_depth': 30, 'regressor__min_samples_split': 15}",-0.34166636248079946,-0.3230742460052302,-0.33605482318877095,-0.3325970953116498,-0.3333481317466126,0.006757142981021009,46,0.9286297612083665,0.9403849096364392,0.925982685113157,0.9360449484100946,0.9327605760920143,0.00574284339949855,31,"[0,1]",log
5.446557283401489,0.08713949514575041,0.10044151544570923,0.006043028812657285,MinMaxScaler(),RandomForestRegressor(),30,20,,,,,"{'preprocessing': MinMaxScaler(), 'regressor': RandomForestRegressor(), 'regressor__max_depth': 30, 'regressor__min_samples_split': 20}",-0.34943210257403484,-0.32826286520352926,-0.3409749524120107,-0.33788512211405397,-0.3391387605759072,0.007569365883172465,58,0.9239737095683522,0.9361516365667636,0.921822716796437,0.9340512229748954,0.928999821476612,0.006193499589995952,41,"[0,1]",log
3.475046157836914,0.12143342638621135,0.06333893537521362,0.0031670843117814567,MinMaxScaler(),RandomForestRegressor(),30,30,,,,,"{'preprocessing': MinMaxScaler(), 'regressor': RandomForestRegressor(), 'regressor__max_depth': 30, 'regressor__min_samples_split': 30}",-0.36384327427488666,-0.3369597629266482,-0.35613215002496423,-0.3526801103348224,-0.35240382439033036,0.009789749666312457,76,0.915019523737729,0.9289858367271197,0.9091483621254215,0.9216903470934488,0.9187110174209299,0.0074081006166599175,61,"[0,1]",log
2.9448686242103577,0.023867114715603082,0.06152951717376709,0.0076979694760942585,MinMaxScaler(),RandomForestRegressor(),30,40,,,,,"{'preprocessing': MinMaxScaler(), 'regressor': RandomForestRegressor(), 'regressor__max_depth': 30, 'regressor__min_samples_split': 40}",-0.37307420723578455,-0.35122226445994864,-0.36501918797884564,-0.36601983545965633,-0.3638338737835588,0.007915488775663329,89,0.9100487462039913,0.9207748538769769,0.9010142400861559,0.9119747564474672,0.9109531491536478,0.007019783174754564,68,"[0,1]",log
2.939050555229187,0.08912459586694209,0.08013516664505005,0.011603947647776452,MinMaxScaler(),RandomForestRegressor(),30,50,,,,,"{'preprocessing': MinMaxScaler(), 'regressor': RandomForestRegressor(), 'regressor__max_depth': 30, 'regressor__min_samples_split': 50}",-0.3857530887991253,-0.3638598517164151,-0.3793085765907743,-0.37977300846680084,-0.37717363139327886,0.00809596459400398,94,0.9037562042896291,0.9126403319255607,0.8946832659337489,0.9042225994737281,0.9038256004056666,0.006353034618298406,75,"[0,1]",log
3.182836651802063,0.09364040446031627,0.05437755584716797,0.0018513453826379666,MinMaxScaler(),RandomForestRegressor(),30,70,,,,,"{'preprocessing': MinMaxScaler(), 'regressor': RandomForestRegressor(), 'regressor__max_depth': 30, 'regressor__min_samples_split': 70}",-0.4066768726609641,-0.3915663999127169,-0.4051009780196894,-0.40116086359508857,-0.40112627854711475,0.005873665945215642,106,0.8893544561251633,0.8973817187855713,0.8756517589480485,0.8887394238413424,0.8877818394250314,0.007789201295943267,93,"[0,1]",log
5.092870652675629,0.02051296794921596,0.10679078102111816,0.003932826345418459,MinMaxScaler(),RandomForestRegressor(),40,2,,,,,"{'preprocessing': MinMaxScaler(), 'regressor': RandomForestRegressor(), 'regressor__max_depth': 40, 'regressor__min_samples_split': 2}",-0.33248390646079884,-0.3205475147892952,-0.32969813887925054,-0.32537299389187607,-0.3270256385053052,0.004517528871543987,21,0.9345267024791488,0.945733562148448,0.9321378606294535,0.9445825997882417,0.939245181261323,0.00598675980080062,4,"[0,1]",log
4.792149782180786,0.06785059996884303,0.09718489646911621,0.0034881681616018055,MinMaxScaler(),RandomForestRegressor(),40,4,,,,,"{'preprocessing': MinMaxScaler(), 'regressor': RandomForestRegressor(), 'regressor__max_depth': 40, 'regressor__min_samples_split': 4}",-0.33208398135251754,-0.3201713174529291,-0.3286859497627243,-0.3280869578342027,-0.32725705160059343,0.004365700790128406,23,0.9336645226899261,0.9457545662638723,0.9331358518453748,0.9444497541495666,0.9392511737371849,0.00587212023941229,3,"[0,1]",log
5.1527979373931885,0.07097523685903939,0.12543421983718872,0.018836296316391676,MinMaxScaler(),RandomForestRegressor(),40,7,,,,,"{'preprocessing': MinMaxScaler(), 'regressor': RandomForestRegressor(), 'regressor__max_depth': 40, 'regressor__min_samples_split': 7}",-0.33537251121202183,-0.3193326806777912,-0.33046179842551116,-0.32855208536316804,-0.32842976891962306,0.005811686292365999,32,0.9308530465916077,0.9445183364772916,0.9312823606307965,0.941389592034557,0.9370108339335631,0.006047104023422371,18,"[0,1]",log
5.310736775398254,0.09608782612676885,0.11650282144546509,0.01355422943411175,MinMaxScaler(),RandomForestRegressor(),40,10,,,,,"{'preprocessing': MinMaxScaler(), 'regressor': RandomForestRegressor(), 'regressor__max_depth': 40, 'regressor__min_samples_split': 10}",-0.3355583261073584,-0.32033616532441456,-0.3298398987850228,-0.3299569328671436,-0.3289228307709849,0.005469712120806976,34,0.9312058127306264,0.9432101514414969,0.9283667680822864,0.9400020212939405,0.9356961883870876,0.006100895699512842,22,"[0,1]",log
4.234651684761047,0.15759690796291723,0.08988821506500244,0.015799270646344534,MinMaxScaler(),RandomForestRegressor(),40,15,,,,,"{'preprocessing': MinMaxScaler(), 'regressor': RandomForestRegressor(), 'regressor__max_depth': 40, 'regressor__min_samples_split': 15}",-0.3412147017979098,-0.3242266347794232,-0.33620812973918246,-0.3340536914643393,-0.3339257894452137,0.006173072182069904,50,0.927849809143168,0.9393654507775286,0.9236409326512212,0.9352713213626705,0.931531878483647,0.006147620447931961,37,"[0,1]",log
4.869690477848053,0.2545625981558332,0.11854040622711182,0.008511355309354344,MinMaxScaler(),RandomForestRegressor(),40,20,,,,,"{'preprocessing': MinMaxScaler(), 'regressor': RandomForestRegressor(), 'regressor__max_depth': 40, 'regressor__min_samples_split': 20}",-0.34686555583679657,-0.3276179894235585,-0.3435344050723453,-0.34090932783339395,-0.33973181954152354,0.007305498890460026,62,0.9241053887818842,0.9355852030341298,0.9188080348466144,0.9311307393188756,0.927407341495376,0.006434129258505796,47,"[0,1]",log
4.23063999414444,0.2191265930886588,0.07510125637054443,0.009676706836589043,MinMaxScaler(),RandomForestRegressor(),40,30,,,,,"{'preprocessing': MinMaxScaler(), 'regressor': RandomForestRegressor(), 'regressor__max_depth': 40, 'regressor__min_samples_split': 30}",-0.3627603669462178,-0.3386673462395347,-0.3538772352893228,-0.3522965717395653,-0.3519003800536602,0.008618547205113214,73,0.9155604276542028,0.9287379055846293,0.9103536550600463,0.9216310190313248,0.9190707518325507,0.006861468169673082,59,"[0,1]",log
3.032095730304718,0.03494058110344959,0.09273296594619751,0.015932093200494848,MinMaxScaler(),RandomForestRegressor(),40,40,,,,,"{'preprocessing': MinMaxScaler(), 'regressor': RandomForestRegressor(), 'regressor__max_depth': 40, 'regressor__min_samples_split': 40}",-0.37595166770041416,-0.3479863452338892,-0.36645437273654,-0.3659075909507557,-0.36407499415539973,0.010110883394407301,90,0.9087640135949284,0.922732513777169,0.9011048002135221,0.9122872616730081,0.911222147314657,0.007778594642456249,63,"[0,1]",log
3.2120543122291565,0.1066035262377783,0.07801282405853271,0.016153745609742504,MinMaxScaler(),RandomForestRegressor(),40,50,,,,,"{'preprocessing': MinMaxScaler(), 'regressor': RandomForestRegressor(), 'regressor__max_depth': 40, 'regressor__min_samples_split': 50}",-0.3880248405285076,-0.36155518725829294,-0.3834591339740564,-0.37932715458398536,-0.37809157908621055,0.010030693269313256,98,0.9020985908839485,0.9132087212567105,0.892321780670913,0.9019377938581088,0.9023917216674201,0.007394308079531998,80,"[0,1]",log
3.395958185195923,0.25572340148144856,0.08512276411056519,0.018470777206649903,MinMaxScaler(),RandomForestRegressor(),40,70,,,,,"{'preprocessing': MinMaxScaler(), 'regressor': RandomForestRegressor(), 'regressor__max_depth': 40, 'regressor__min_samples_split': 70}",-0.4102238734028356,-0.3913942444411781,-0.4034975019521069,-0.4022476224851072,-0.40184081057030696,0.0067512333801487585,108,0.8869103501937957,0.8951685219684693,0.8786776787683372,0.8872386594905565,0.8869988026052896,0.005832040199139556,96,"[0,1]",log
6.420495629310608,0.08292984652378979,0.15256863832473755,0.030669318637236497,MinMaxScaler(),RandomForestRegressor(),50,2,,,,,"{'preprocessing': MinMaxScaler(), 'regressor': RandomForestRegressor(), 'regressor__max_depth': 50, 'regressor__min_samples_split': 2}",-0.33098940550965694,-0.3219128306659457,-0.3287747679196693,-0.323914692376604,-0.326397924117969,0.0036405216309823873,17,0.9335716261714765,0.945138346707,0.9324274033324734,0.9455921959432011,0.9391823930385378,0.006198176105578306,5,"[0,1]",log
5.728386282920837,0.1134734877361381,0.1344609260559082,0.027664816169839946,MinMaxScaler(),RandomForestRegressor(),50,4,,,,,"{'preprocessing': MinMaxScaler(), 'regressor': RandomForestRegressor(), 'regressor__max_depth': 50, 'regressor__min_samples_split': 4}",-0.3318420204883951,-0.31773599896099175,-0.3286668587203374,-0.3255688930002661,-0.3259534427924976,0.005237180418525204,15,0.9351282724659804,0.9455852005709868,0.9324508108352909,0.9438580755383377,0.9392555898526489,0.005580918665821068,2,"[0,1]",log
5.716609537601471,0.15925997055104413,0.13712561130523682,0.010940025868101352,MinMaxScaler(),RandomForestRegressor(),50,7,,,,,"{'preprocessing': MinMaxScaler(), 'regressor': RandomForestRegressor(), 'regressor__max_depth': 50, 'regressor__min_samples_split': 7}",-0.3337377633149031,-0.32061577857999685,-0.33226123164265886,-0.32736145873795247,-0.3284940580688778,0.005124405096972787,33,0.9334264528096373,0.9455251020124812,0.929570376197325,0.9412253075697645,0.937436809647302,0.006279668125813661,15,"[0,1]",log
4.606043994426727,0.258899306524506,0.12119704484939575,0.024137434264006486,MinMaxScaler(),RandomForestRegressor(),50,10,,,,,"{'preprocessing': MinMaxScaler(), 'regressor': RandomForestRegressor(), 'regressor__max_depth': 50, 'regressor__min_samples_split': 10}",-0.33731706977042525,-0.3198624064201044,-0.33274928198669046,-0.32868960967251376,-0.32965459196243346,0.006424732699098455,37,0.9299961662255727,0.9428585058336597,0.928748289925257,0.9406324499087626,0.935558852973313,0.006252071069453755,23,"[0,1]",log
4.043694615364075,0.07470008899534464,0.09191238880157471,0.018850274862286798,MinMaxScaler(),RandomForestRegressor(),50,15,,,,,"{'preprocessing': MinMaxScaler(), 'regressor': RandomForestRegressor(), 'regressor__max_depth': 50, 'regressor__min_samples_split': 15}",-0.34095094539973037,-0.3244296243202681,-0.3365794758861407,-0.3334821416739393,-0.33386054682001964,0.006057058216177662,49,0.927474245941882,0.9401397832245394,0.9243835145422592,0.9356418622210777,0.9319098514824395,0.006284505248654847,35,"[0,1]",log
3.799587368965149,0.0803171917776171,0.09352302551269531,0.007840951855480841,MinMaxScaler(),RandomForestRegressor(),50,20,,,,,"{'preprocessing': MinMaxScaler(), 'regressor': RandomForestRegressor(), 'regressor__max_depth': 50, 'regressor__min_samples_split': 20}",-0.3486887316571762,-0.32949274585976024,-0.3437133109296277,-0.3392266216387436,-0.34028035252132693,0.00707051712010684,63,0.9230093606836735,0.9360488977810004,0.9214211705860645,0.9330938215523954,0.9283933126507834,0.0062908757612693085,43,"[0,1]",log
4.017472624778748,0.07539133552268115,0.07590281963348389,0.00641895669845891,MinMaxScaler(),RandomForestRegressor(),50,30,,,,,"{'preprocessing': MinMaxScaler(), 'regressor': RandomForestRegressor(), 'regressor__max_depth': 50, 'regressor__min_samples_split': 30}",-0.3612496044669227,-0.3363505630098051,-0.3548184112987313,-0.3507590504001307,-0.3507944072938975,0.00913960671980473,69,0.9170239459185758,0.9301223091720789,0.9114662759974029,0.9216922958282602,0.9200762067290795,0.006837088589658158,55,"[0,1]",log
3.0505616068840027,0.10200411419285438,0.05909693241119385,0.0020145440044894223,MinMaxScaler(),RandomForestRegressor(),50,40,,,,,"{'preprocessing': MinMaxScaler(), 'regressor': RandomForestRegressor(), 'regressor__max_depth': 50, 'regressor__min_samples_split': 40}",-0.3724876942119802,-0.35013898626313006,-0.3669437376727361,-0.3648144388683428,-0.36359621425404726,0.008259016062634126,87,0.9110336076806501,0.9204118691920685,0.9004053537569281,0.9126843457754679,0.9111337941012786,0.007134359772008864,66,"[0,1]",log
2.869617760181427,0.02861182162671606,0.06723064184188843,0.007965918252329082,MinMaxScaler(),RandomForestRegressor(),50,50,,,,,"{'preprocessing': MinMaxScaler(), 'regressor': RandomForestRegressor(), 'regressor__max_depth': 50, 'regressor__min_samples_split': 50}",-0.38596287224350645,-0.3631109334987381,-0.38090151382452225,-0.38202291623948115,-0.377999558951562,0.008799066319943916,97,0.9026236775472397,0.912965489330241,0.8908654759173997,0.9034661305141367,0.9024801933272543,0.007839575126224803,79,"[0,1]",log
2.6738069653511047,0.05112452872540758,0.059122681617736816,0.0064656250411901746,MinMaxScaler(),RandomForestRegressor(),50,70,,,,,"{'preprocessing': MinMaxScaler(), 'regressor': RandomForestRegressor(), 'regressor__max_depth': 50, 'regressor__min_samples_split': 70}",-0.4103727165580835,-0.3915781843761205,-0.4027620421184946,-0.3985373745046043,-0.40081257938932574,0.006812621304337482,105,0.8848797162889468,0.8970091354075752,0.8773106278218464,0.8890074677567814,0.8870517368187876,0.00711655724051584,95,"[0,1]",log
5.949210822582245,0.19694300169296944,0.1354803442955017,0.009315504939425612,MinMaxScaler(),RandomForestRegressor(),70,2,,,,,"{'preprocessing': MinMaxScaler(), 'regressor': RandomForestRegressor(), 'regressor__max_depth': 70, 'regressor__min_samples_split': 2}",-0.3320672494404974,-0.3204405281445602,-0.3314029296130607,-0.32744191471301043,-0.32783815547778217,0.004622627696611672,29,0.9348184151200839,0.9452638085624864,0.9319545696169313,0.9443546265364685,0.9390978549589926,0.005809319281790735,6,"[0,1]",log
4.815846800804138,0.15131118420858275,0.09398466348648071,0.011797531041328626,MinMaxScaler(),RandomForestRegressor(),70,4,,,,,"{'preprocessing': MinMaxScaler(), 'regressor': RandomForestRegressor(), 'regressor__max_depth': 70, 'regressor__min_samples_split': 4}",-0.3321149933764073,-0.32334565742927635,-0.3287715825770166,-0.32620783838898065,-0.3276100179429202,0.003232449309243571,26,0.9337485417564252,0.9445762144701156,0.9317670177516044,0.9438941044657947,0.938496469610985,0.005786322252039882,10,"[0,1]",log
4.165642976760864,0.039303535505426604,0.0901452898979187,0.007390527533523791,MinMaxScaler(),RandomForestRegressor(),70,7,,,,,"{'preprocessing': MinMaxScaler(), 'regressor': RandomForestRegressor(), 'regressor__max_depth': 70, 'regressor__min_samples_split': 7}",-0.33503441806854967,-0.32122279329085335,-0.3317788045818897,-0.3287757386942371,-0.32920293865888245,0.005111419990163006,35,0.9333883145903876,0.9436281794490126,0.9293743452127288,0.9422499537331313,0.9371601982463151,0.005970490045391607,17,"[0,1]",log
4.313647627830505,0.22137042619003067,0.11104345321655273,0.028906354366973527,MinMaxScaler(),RandomForestRegressor(),70,10,,,,,"{'preprocessing': MinMaxScaler(), 'regressor': RandomForestRegressor(), 'regressor__max_depth': 70, 'regressor__min_samples_split': 10}",-0.33736085268470495,-0.32241300436814513,-0.3316937880044219,-0.3284206616814918,-0.3299720766846909,0.005410747717409151,41,0.9295583859702315,0.9428157446378761,0.9286765010102691,0.9401470693704852,0.9352994252472155,0.006261337080777877,25,"[0,1]",log
4.452498435974121,0.2130985551190906,0.07871347665786743,0.005491268549317801,MinMaxScaler(),RandomForestRegressor(),70,15,,,,,"{'preprocessing': MinMaxScaler(), 'regressor': RandomForestRegressor(), 'regressor__max_depth': 70, 'regressor__min_samples_split': 15}",-0.341706925794437,-0.3244199091261407,-0.33663616698805876,-0.3313551938484703,-0.3335295489392767,0.006407689238686556,48,0.9274328911695119,0.939787121072476,0.9252028370141745,0.9371634347237306,0.9323965709949733,0.006199418243932434,32,"[0,1]",log
3.73713880777359,0.0491921281910831,0.07522493600845337,0.007880645260256438,MinMaxScaler(),RandomForestRegressor(),70,20,,,,,"{'preprocessing': MinMaxScaler(), 'regressor': RandomForestRegressor(), 'regressor__max_depth': 70, 'regressor__min_samples_split': 20}",-0.3493248955856502,-0.32554411535608524,-0.343033643675385,-0.34100961840522387,-0.33972806825558605,0.008744324077656603,61,0.9224239821008723,0.9369772312890295,0.9205401167269573,0.9319098508473613,0.9279627952410552,0.006756735760480144,44,"[0,1]",log
3.1974714398384094,0.049446554612029986,0.06587642431259155,0.00327614954747537,MinMaxScaler(),RandomForestRegressor(),70,30,,,,,"{'preprocessing': MinMaxScaler(), 'regressor': RandomForestRegressor(), 'regressor__max_depth': 70, 'regressor__min_samples_split': 30}",-0.36379330683401273,-0.3382797115955444,-0.3543415276183506,-0.3494113369644656,-0.35145647075309333,0.00919688305504479,72,0.9162338015363837,0.9290423021407045,0.910868422199825,0.9233615037264009,0.9198765074008285,0.0069023890358011295,56,"[0,1]",log
3.148891031742096,0.1543548975892811,0.07982265949249268,0.018377286114164882,MinMaxScaler(),RandomForestRegressor(),70,40,,,,,"{'preprocessing': MinMaxScaler(), 'regressor': RandomForestRegressor(), 'regressor__max_depth': 70, 'regressor__min_samples_split': 40}",-0.37405212099744894,-0.34926505681312214,-0.36742126500527894,-0.36457743254366853,-0.3638289688398797,0.009084123006869973,88,0.9106337884106561,0.9211154382435629,0.900352906939928,0.9127783532171484,0.9112201217028238,0.007395700073793966,64,"[0,1]",log
3.422071099281311,0.07973866536311855,0.060910701751708984,0.0044160701609387435,MinMaxScaler(),RandomForestRegressor(),70,50,,,,,"{'preprocessing': MinMaxScaler(), 'regressor': RandomForestRegressor(), 'regressor__max_depth': 70, 'regressor__min_samples_split': 50}",-0.3882402984790978,-0.36723327167087755,-0.3831911802183644,-0.382638448315972,-0.38032579967107794,0.00786785120369083,102,0.8997648282497583,0.9124818198051685,0.8934800566859699,0.9015727883629472,0.901824873275961,0.006846784018068828,81,"[0,1]",log
2.816384971141815,0.05576807099753346,0.06458073854446411,0.010482916061858298,MinMaxScaler(),RandomForestRegressor(),70,70,,,,,"{'preprocessing': MinMaxScaler(), 'regressor': RandomForestRegressor(), 'regressor__max_depth': 70, 'regressor__min_samples_split': 70}",-0.40691750064822835,-0.39212109606234785,-0.40459785508320345,-0.4025462241259503,-0.4015456689799325,0.005656768087004257,107,0.8889698926555832,0.8950052101285408,0.8779577594622016,0.8875565709874528,0.8873723583084446,0.006113124173542983,94,"[0,1]",log
5.591325581073761,0.03746971895501002,0.1553194522857666,0.01728219002883145,MinMaxScaler(),RandomForestRegressor(),100,2,,,,,"{'preprocessing': MinMaxScaler(), 'regressor': RandomForestRegressor(), 'regressor__max_depth': 100, 'regressor__min_samples_split': 2}",-0.3326601569831621,-0.31978020666241086,-0.3302368085128789,-0.32354840047220434,-0.32655639315766405,0.005142132666476783,18,0.9334790624086905,0.946119301201203,0.933056448123892,0.9454485159004146,0.93952583190855,0.00626435094240166,1,"[0,1]",log
4.567699074745178,0.05357611195531819,0.11370849609375,0.012814372283577331,MinMaxScaler(),RandomForestRegressor(),100,4,,,,,"{'preprocessing': MinMaxScaler(), 'regressor': RandomForestRegressor(), 'regressor__max_depth': 100, 'regressor__min_samples_split': 4}",-0.332534312182949,-0.3222498610573485,-0.3290497252283995,-0.32629470669563393,-0.3275321512910827,0.003766911980772478,25,0.9340979881352769,0.9445011958937011,0.9313290337420173,0.9433831990483623,0.9383278542048394,0.005712747017233159,12,"[0,1]",log
4.157443046569824,0.18712380956255237,0.07520204782485962,0.0052957950705361115,MinMaxScaler(),RandomForestRegressor(),100,7,,,,,"{'preprocessing': MinMaxScaler(), 'regressor': RandomForestRegressor(), 'regressor__max_depth': 100, 'regressor__min_samples_split': 7}",-0.3329087801242597,-0.3197950347963644,-0.3315741122843573,-0.32675443877047805,-0.32775809149386487,0.005135883536391709,28,0.9330735919945093,0.9454418102401848,0.9311716677914031,0.9425753788660303,0.9380656122230319,0.0060661566941292155,13,"[0,1]",log
3.4873092770576477,0.034860344974876466,0.0722273588180542,0.004431435345106645,MinMaxScaler(),RandomForestRegressor(),100,10,,,,,"{'preprocessing': MinMaxScaler(), 'regressor': RandomForestRegressor(), 'regressor__max_depth': 100, 'regressor__min_samples_split': 10}",-0.3361507249889587,-0.32084138671777196,-0.3340492282735809,-0.3283055755434136,-0.3298367288809313,0.005934482057445331,39,0.9317061364349425,0.9439920801779998,0.9276051843991203,0.940486423848074,0.9359474562150342,0.006574581629406021,21,"[0,1]",log
3.3500431776046753,0.07160198693766538,0.0693732500076294,0.003849417016314504,MinMaxScaler(),RandomForestRegressor(),100,15,,,,,"{'preprocessing': MinMaxScaler(), 'regressor': RandomForestRegressor(), 'regressor__max_depth': 100, 'regressor__min_samples_split': 15}",-0.341661798465666,-0.3236928372168753,-0.33814579274427536,-0.3335305496902911,-0.3342577445292769,0.006746906929634427,52,0.9266720827024377,0.9395184014763724,0.9245954939499454,0.9366597654770862,0.9318614359014604,0.0063517003156380305,36,"[0,1]",log
3.1450271606445312,0.02966538517507765,0.07225155830383301,0.007119656856632692,MinMaxScaler(),RandomForestRegressor(),100,20,,,,,"{'preprocessing': MinMaxScaler(), 'regressor': RandomForestRegressor(), 'regressor__max_depth': 100, 'regressor__min_samples_split': 20}",-0.35026321485559875,-0.3269448099987841,-0.3412842707420968,-0.3399482315377246,-0.33961013178355104,0.00831888826027754,59,0.9224444019419334,0.9363585554380196,0.9207942039484623,0.9321541417246176,0.9279378257632582,0.006517189702144382,45,"[0,1]",log
3.4316930174827576,0.1049539104717733,0.08316820859909058,0.0021754805166178783,MinMaxScaler(),RandomForestRegressor(),100,30,,,,,"{'preprocessing': MinMaxScaler(), 'regressor': RandomForestRegressor(), 'regressor__max_depth': 100, 'regressor__min_samples_split': 30}",-0.36374123186444496,-0.33971578243839495,-0.35571759622273186,-0.353862804253848,-0.35325935369485495,0.008655997938480991,79,0.915386989187689,0.9292813434505092,0.9098088460047147,0.9220916582016654,0.9191422092111445,0.007292369961803238,58,"[0,1]",log
2.8594489097595215,0.1472374239418392,0.06003916263580322,0.0037036738581894373,MinMaxScaler(),RandomForestRegressor(),100,40,,,,,"{'preprocessing': MinMaxScaler(), 'regressor': RandomForestRegressor(), 'regressor__max_depth': 100, 'regressor__min_samples_split': 40}",-0.3760940237536454,-0.34909749790536954,-0.36378789947727214,-0.36277155895614394,-0.36293774502310777,0.009557595025952492,85,0.9075522053821121,0.9216391831473572,0.9021897835391715,0.9126883683686667,0.911017385109327,0.007168486566859991,67,"[0,1]",log
2.6558223366737366,0.048346829710065424,0.058703601360321045,0.004828957544412154,MinMaxScaler(),RandomForestRegressor(),100,50,,,,,"{'preprocessing': MinMaxScaler(), 'regressor': RandomForestRegressor(), 'regressor__max_depth': 100, 'regressor__min_samples_split': 50}",-0.3856036388815005,-0.3632206962459008,-0.38136961514029233,-0.38015252910783703,-0.37758661984388264,0.008537378093362203,95,0.9038118749266025,0.9147408815027789,0.8917758848233805,0.902621109181805,0.9032374376086416,0.008130286782101885,77,"[0,1]",log
2.508143424987793,0.040720660151689826,0.061043739318847656,0.008025408766811539,MinMaxScaler(),RandomForestRegressor(),100,70,,,,,"{'preprocessing': MinMaxScaler(), 'regressor': RandomForestRegressor(), 'regressor__max_depth': 100, 'regressor__min_samples_split': 70}",-0.41079705895778174,-0.39309564604537756,-0.4036187608085468,-0.40238171103000847,-0.40247329421042866,0.006295749079400806,109,0.8854561395480395,0.8944022445337227,0.8772729451036713,0.8865826110676566,0.8859284850632726,0.006069883908911916,98,"[0,1]",log
51.28797096014023,3.654427355866345,0.022647321224212646,0.003357293121631247,MinMaxScaler(),MLPRegressor(),,,logistic,0.0001,"(80, 40)",500,"{'preprocessing': MinMaxScaler(), 'regressor': MLPRegressor(), 'regressor__activation': 'logistic', 'regressor__alpha': 0.0001, 'regressor__hidden_layer_sizes': (80, 40), 'regressor__max_iter': 500}",-0.3451254715407317,-0.33659420944755625,-0.3374053317112865,-0.3277091688833616,-0.336708545395734,0.0061711426660783966,54,0.8993515250580505,0.9002084815010148,0.9150064467953567,0.9190315307951705,0.9083994960373981,0.008741430938166372,74,"[0,1]",log
65.97436118125916,8.187355554838696,0.03533756732940674,0.011288262391215033,MinMaxScaler(),MLPRegressor(),,,logistic,0.0001,"(150, 60)",500,"{'preprocessing': MinMaxScaler(), 'regressor': MLPRegressor(), 'regressor__activation': 'logistic', 'regressor__alpha': 0.0001, 'regressor__hidden_layer_sizes': (150, 60), 'regressor__max_iter': 500}",-0.34452798454936706,-0.33425828418878734,-0.33596294728591786,-0.33973729720890417,-0.3386216283082441,0.003944525251098915,57,0.898911645572678,0.9140452534241741,0.9135122911854551,0.880131261931526,0.9016501130284582,0.013828511602809502,82,"[0,1]",log
5.600080132484436,0.6221959419205275,0.05423921346664429,0.02296911677866543,MinMaxScaler(),MLPRegressor(),,,logistic,0.0001,"(150, 60, 30)",500,"{'preprocessing': MinMaxScaler(), 'regressor': MLPRegressor(), 'regressor__activation': 'logistic', 'regressor__alpha': 0.0001, 'regressor__hidden_layer_sizes': (150, 60, 30), 'regressor__max_iter': 500}",-1.4306228750712813,-1.4092711377606257,-1.4285655861672397,-1.4093718970932727,-1.419457874023105,0.01016248241347329,126,-0.3026055103165206,-0.291039117823952,-0.2672435133666824,-0.2783809335936436,-0.28481726877519964,0.013279648267608246,126,"[0,1]",log
52.53671622276306,4.595354927701048,0.01975560188293457,0.0008302902798778214,MinMaxScaler(),MLPRegressor(),,,logistic,0.1,"(80, 40)",500,"{'preprocessing': MinMaxScaler(), 'regressor': MLPRegressor(), 'regressor__activation': 'logistic', 'regressor__alpha': 0.1, 'regressor__hidden_layer_sizes': (80, 40), 'regressor__max_iter': 500}",-0.4217360472218209,-0.4231490234965291,-0.4256420751039762,-0.4279349004189255,-0.4246155115603129,0.002372450063843687,113,0.7726248184086915,0.7216562901392859,0.7612747277796538,0.7740833383412566,0.7574097936672219,0.021229430044728798,113,"[0,1]",log
75.4943915605545,1.3891923533699209,0.03203225135803223,0.0030431658571117124,MinMaxScaler(),MLPRegressor(),,,logistic,0.1,"(150, 60)",500,"{'preprocessing': MinMaxScaler(), 'regressor': MLPRegressor(), 'regressor__activation': 'logistic', 'regressor__alpha': 0.1, 'regressor__hidden_layer_sizes': (150, 60), 'regressor__max_iter': 500}",-0.4310475990254272,-0.4161721047972063,-0.43345636309727537,-0.45852861296350905,-0.4348011699708545,0.01521456062940437,114,0.7345828186100551,0.7540723216230509,0.7440311820958898,0.6889840616662659,0.7304175959988154,0.024894590865628133,114,"[0,1]",log
31.556888341903687,21.078778008505804,0.031282901763916016,0.002784132398545265,MinMaxScaler(),MLPRegressor(),,,logistic,0.1,"(150, 60, 30)",500,"{'preprocessing': MinMaxScaler(), 'regressor': MLPRegressor(), 'regressor__activation': 'logistic', 'regressor__alpha': 0.1, 'regressor__hidden_layer_sizes': (150, 60, 30), 'regressor__max_iter': 500}",-0.9544309973446015,-0.9578277611692713,-0.9764005963627121,-0.5139090198641851,-0.8506420936851924,0.1945926950308421,125,0.22333265935910185,0.23023363072423542,0.21641859513277073,0.5873153871213186,0.3143250680843567,0.15768669888154557,125,"[0,1]",log
34.776994705200195,5.610986196161301,0.03353071212768555,0.011727937334930627,MinMaxScaler(),MLPRegressor(),,,tanh,0.0001,"(80, 40)",500,"{'preprocessing': MinMaxScaler(), 'regressor': MLPRegressor(), 'regressor__activation': 'tanh', 'regressor__alpha': 0.0001, 'regressor__hidden_layer_sizes': (80, 40), 'regressor__max_iter': 500}",-0.33327901161113144,-0.3254766945516843,-0.3243634082528333,-0.30511004441182754,-0.32205728970686914,0.010369988884127301,12,0.9081632870080344,0.9180486304674025,0.923920915546842,0.9378113387669182,0.9219860429472992,0.01073260824017443,54,"[0,1]",log
45.309790790081024,4.880314719944334,0.03317052125930786,0.001714091338290319,MinMaxScaler(),MLPRegressor(),,,tanh,0.0001,"(150, 60)",500,"{'preprocessing': MinMaxScaler(), 'regressor': MLPRegressor(), 'regressor__activation': 'tanh', 'regressor__alpha': 0.0001, 'regressor__hidden_layer_sizes': (150, 60), 'regressor__max_iter': 500}",-0.31928044261935984,-0.31480929937857466,-0.3213892368154087,-0.3135917347831809,-0.31726767839913106,0.0031856966452166596,8,0.9277973375866793,0.9336958598338068,0.9335366267395069,0.9338366311828447,0.9322166138357094,0.0025536768373925064,34,"[0,1]",log
41.557214200496674,11.36446118565113,0.03768366575241089,0.0035129007745027313,MinMaxScaler(),MLPRegressor(),,,tanh,0.0001,"(150, 60, 30)",500,"{'preprocessing': MinMaxScaler(), 'regressor': MLPRegressor(), 'regressor__activation': 'tanh', 'regressor__alpha': 0.0001, 'regressor__hidden_layer_sizes': (150, 60, 30), 'regressor__max_iter': 500}",-0.33173503221533474,-0.30983745150522884,-0.31495674066112617,-0.3111834421815981,-0.316928166640822,0.008752283827402497,6,0.9208224296239154,0.9417404940518356,0.9339054544073835,0.9267116026784974,0.930794995190408,0.007835895932347212,39,"[0,1]",log
30.057320296764374,4.646618823240958,0.04000216722488403,0.02061932445466518,MinMaxScaler(),MLPRegressor(),,,tanh,0.1,"(80, 40)",500,"{'preprocessing': MinMaxScaler(), 'regressor': MLPRegressor(), 'regressor__activation': 'tanh', 'regressor__alpha': 0.1, 'regressor__hidden_layer_sizes': (80, 40), 'regressor__max_iter': 500}",-0.35516141268657825,-0.34431623341517065,-0.3480936491437454,-0.3558963256165079,-0.35086690521550057,0.004856441965687827,70,0.8744644791130549,0.8786966778547414,0.8944141241152596,0.8908615463635754,0.8846092068616578,0.008262893741724477,101,"[0,1]",log
37.840312123298645,5.142678067484943,0.030496537685394287,0.0010779869955462869,MinMaxScaler(),MLPRegressor(),,,tanh,0.1,"(150, 60)",500,"{'preprocessing': MinMaxScaler(), 'regressor': MLPRegressor(), 'regressor__activation': 'tanh', 'regressor__alpha': 0.1, 'regressor__hidden_layer_sizes': (150, 60), 'regressor__max_iter': 500}",-0.3740803128573568,-0.3557377909858094,-0.36806234471838034,-0.35293387999490705,-0.3627035821391134,0.008690737376574182,84,0.8371724720608648,0.8565497019971857,0.8339536527395148,0.8784963584897607,0.8515430463218314,0.01780061662595569,109,"[0,1]",log
36.999067902565,5.786511481784463,0.03367346525192261,0.0016656347880686776,MinMaxScaler(),MLPRegressor(),,,tanh,0.1,"(150, 60, 30)",500,"{'preprocessing': MinMaxScaler(), 'regressor': MLPRegressor(), 'regressor__activation': 'tanh', 'regressor__alpha': 0.1, 'regressor__hidden_layer_sizes': (150, 60, 30), 'regressor__max_iter': 500}",-0.3415646816013368,-0.3367492981111432,-0.35105534784283343,-0.35041243788149345,-0.34494544135920174,0.006037907520337018,68,0.9015400103395175,0.899559002435757,0.8873941002036212,0.8637481959852532,0.8880603272410372,0.01504530634727134,92,"[0,1]",log
22.735319197177887,2.8713101616333683,0.019717812538146973,0.004465118434058264,MinMaxScaler(),MLPRegressor(),,,relu,0.0001,"(80, 40)",500,"{'preprocessing': MinMaxScaler(), 'regressor': MLPRegressor(), 'regressor__activation': 'relu', 'regressor__alpha': 0.0001, 'regressor__hidden_layer_sizes': (80, 40), 'regressor__max_iter': 500}",-0.3465387825967555,-0.3481736531444528,-0.35607982397809446,-0.3247722012712409,-0.34389111524763594,0.011613007420367213,67,0.8845329800265702,0.848571197424937,0.8665674662511715,0.8868970631062989,0.8716421767022444,0.015466957849907254,105,"[0,1]",log
26.496363401412964,3.7778052440745857,0.022404074668884277,0.0023656165741206677,MinMaxScaler(),MLPRegressor(),,,relu,0.0001,"(150, 60)",500,"{'preprocessing': MinMaxScaler(), 'regressor': MLPRegressor(), 'regressor__activation': 'relu', 'regressor__alpha': 0.0001, 'regressor__hidden_layer_sizes': (150, 60), 'regressor__max_iter': 500}",-0.3363489078126086,-0.35288996445352827,-0.34801724941892404,-0.3367695617043015,-0.3435064208473406,0.007159150245785924,66,0.8971486364977937,0.8584425216195158,0.8488559268258853,0.8775686156943459,0.8705039251593852,0.018533508719753174,106,"[0,1]",log
26.049861669540405,1.57480599755883,0.022002816200256348,0.002238756034187018,MinMaxScaler(),MLPRegressor(),,,relu,0.0001,"(150, 60, 30)",500,"{'preprocessing': MinMaxScaler(), 'regressor': MLPRegressor(), 'regressor__activation': 'relu', 'regressor__alpha': 0.0001, 'regressor__hidden_layer_sizes': (150, 60, 30), 'regressor__max_iter': 500}",-0.33209913698386434,-0.31702275379252143,-0.32775300512421457,-0.3105005234086758,-0.32184385482731903,0.008544048399362018,11,0.903632543165126,0.9171224799092534,0.8968482188459225,0.9210076086550494,0.9096527126438378,0.009809798524921002,70,"[0,1]",log
20.226061582565308,4.040185215273242,0.017269790172576904,0.0028908952054432857,MinMaxScaler(),MLPRegressor(),,,relu,0.1,"(80, 40)",500,"{'preprocessing': MinMaxScaler(), 'regressor': MLPRegressor(), 'regressor__activation': 'relu', 'regressor__alpha': 0.1, 'regressor__hidden_layer_sizes': (80, 40), 'regressor__max_iter': 500}",-0.3492374277974875,-0.35426122584390074,-0.34750859625692565,-0.35450852470620786,-0.3513789436511304,0.003068693016672248,71,0.8787213323421399,0.8535459620451875,0.8805429902146952,0.8526017984027652,0.8663530207511969,0.013298940124694592,107,"[0,1]",log
35.23391938209534,2.542335942172302,0.03407466411590576,0.012970314632156907,MinMaxScaler(),MLPRegressor(),,,relu,0.1,"(150, 60)",500,"{'preprocessing': MinMaxScaler(), 'regressor': MLPRegressor(), 'regressor__activation': 'relu', 'regressor__alpha': 0.1, 'regressor__hidden_layer_sizes': (150, 60), 'regressor__max_iter': 500}",-0.3577705207017058,-0.34041514527343236,-0.3372584111898614,-0.32851822327359725,-0.3409905751096492,0.010622926873221219,64,0.8470634191300965,0.8593702448262756,0.8883834955955383,0.8997906659331565,0.8736519563712667,0.021278909645212722,104,"[0,1]",log
28.589865922927856,4.027038030236404,0.03203022480010986,0.008310723191755569,MinMaxScaler(),MLPRegressor(),,,relu,0.1,"(150, 60, 30)",500,"{'preprocessing': MinMaxScaler(), 'regressor': MLPRegressor(), 'regressor__activation': 'relu', 'regressor__alpha': 0.1, 'regressor__hidden_layer_sizes': (150, 60, 30), 'regressor__max_iter': 500}",-0.323679191871285,-0.31874248875811473,-0.3337009046425145,-0.3273903413417146,-0.3258782316534072,0.0054597456679559495,14,0.9171064473642246,0.9154938191419667,0.9009932917625755,0.9043407131347022,0.9094835678508673,0.0069419945862901405,72,"[0,1]",log
35.82062739133835,4.757746610597569,0.023916542530059814,0.006034781662324533,StandardScaler(),MLPRegressor(),,,logistic,0.0001,"(80, 40)",500,"{'preprocessing': StandardScaler(), 'regressor': MLPRegressor(), 'regressor__activation': 'logistic', 'regressor__alpha': 0.0001, 'regressor__hidden_layer_sizes': (80, 40), 'regressor__max_iter': 500}",-0.3232253472867669,-0.3194265756970168,-0.3174112108289014,-0.30564352212885965,-0.31642666398538616,0.00656633546384705,4,0.9286123368273236,0.9249614448066661,0.9226490126932578,0.9374458084516968,0.9284171506947361,0.00562956653987721,42,"[0,1]",log
66.12371075153351,4.253609751186617,0.03732019662857056,0.013535390635593374,StandardScaler(),MLPRegressor(),,,logistic,0.0001,"(150, 60)",500,"{'preprocessing': StandardScaler(), 'regressor': MLPRegressor(), 'regressor__activation': 'logistic', 'regressor__alpha': 0.0001, 'regressor__hidden_layer_sizes': (150, 60), 'regressor__max_iter': 500}",-0.3246173288820186,-0.31573065192419014,-0.3156140003136282,-0.3025969135666841,-0.31463972367163023,0.007853680990235373,2,0.9253285694582014,0.9357859834081096,0.9308411210834389,0.9416758452962884,0.9334078798115096,0.006039001078962819,30,"[0,1]",log
52.82076245546341,3.5650758374186124,0.03223264217376709,0.0018529385528439203,StandardScaler(),MLPRegressor(),,,logistic,0.0001,"(150, 60, 30)",500,"{'preprocessing': StandardScaler(), 'regressor': MLPRegressor(), 'regressor__activation': 'logistic', 'regressor__alpha': 0.0001, 'regressor__hidden_layer_sizes': (150, 60, 30), 'regressor__max_iter': 500}",-0.3252491163009857,-0.316881179731822,-0.3138521037293857,-0.30523379004530227,-0.3153040474518739,0.007157338287553405,3,0.9229763641743901,0.9303591731961838,0.930137813238877,0.9225748662913121,0.9265120542251907,0.003739953400923319,48,"[0,1]",log
37.420630633831024,4.180354689736121,0.022672653198242188,0.0034291550826308567,StandardScaler(),MLPRegressor(),,,logistic,0.1,"(80, 40)",500,"{'preprocessing': StandardScaler(), 'regressor': MLPRegressor(), 'regressor__activation': 'logistic', 'regressor__alpha': 0.1, 'regressor__hidden_layer_sizes': (80, 40), 'regressor__max_iter': 500}",-0.37982767328525513,-0.38637543646630396,-0.3765712834117226,-0.37955478245225593,-0.3805822939038844,0.0035802911186814577,103,0.8269299081046153,0.7907747610700261,0.8362039057916244,0.8100463702777256,0.8159887363109979,0.01731631152175334,112,"[0,1]",log
53.46345043182373,7.383457009338442,0.03550887107849121,0.006958892759797576,StandardScaler(),MLPRegressor(),,,logistic,0.1,"(150, 60)",500,"{'preprocessing': StandardScaler(), 'regressor': MLPRegressor(), 'regressor__activation': 'logistic', 'regressor__alpha': 0.1, 'regressor__hidden_layer_sizes': (150, 60), 'regressor__max_iter': 500}",-0.37892222224989675,-0.3742681169188912,-0.38255062054523753,-0.3715376944507362,-0.37681966354119045,0.004233031093202413,93,0.8301500230677739,0.8526131149169042,0.8247711435523194,0.8627236202669865,0.842564475450996,0.01563719574332011,110,"[0,1]",log
49.57563674449921,3.657877198751717,0.03869795799255371,0.00830839634371445,StandardScaler(),MLPRegressor(),,,logistic,0.1,"(150, 60, 30)",500,"{'preprocessing': StandardScaler(), 'regressor': MLPRegressor(), 'regressor__activation': 'logistic', 'regressor__alpha': 0.1, 'regressor__hidden_layer_sizes': (150, 60, 30), 'regressor__max_iter': 500}",-0.3811240925299959,-0.3772764240371615,-0.3774878789085473,-0.3773606776427069,-0.3783122682796029,0.0016251516456191677,99,0.8295726954002107,0.8257282058935675,0.846365898011455,0.811296641527665,0.8282408602082245,0.012487100932029154,111,"[0,1]",log
22.935452222824097,3.0324539963176758,0.03133755922317505,0.006791900276124108,StandardScaler(),MLPRegressor(),,,tanh,0.0001,"(80, 40)",500,"{'preprocessing': StandardScaler(), 'regressor': MLPRegressor(), 'regressor__activation': 'tanh', 'regressor__alpha': 0.0001, 'regressor__hidden_layer_sizes': (80, 40), 'regressor__max_iter': 500}",-0.3181801145003152,-0.3058665362559498,-0.3165954498160888,-0.3264190634648034,-0.3167652910092893,0.007314518940742966,5,0.926565745809395,0.9380016312251981,0.9235554580390305,0.9126912093873644,0.925203511115247,0.009012787237895337,50,"[0,1]",log
39.01149570941925,6.618762905448445,0.037942469120025635,0.003908606664356488,StandardScaler(),MLPRegressor(),,,tanh,0.0001,"(150, 60)",500,"{'preprocessing': StandardScaler(), 'regressor': MLPRegressor(), 'regressor__activation': 'tanh', 'regressor__alpha': 0.0001, 'regressor__hidden_layer_sizes': (150, 60), 'regressor__max_iter': 500}",-0.3167314651368946,-0.305578911144434,-0.31239094251890387,-0.3194294419063533,-0.3135326901766464,0.005233785217587144,1,0.9300000650679054,0.9397669752474199,0.934276205711926,0.9355608099133709,0.9349010139851555,0.0034829081002998776,28,"[0,1]",log
48.87362480163574,30.168065326536624,0.04677891731262207,0.00620592236873506,StandardScaler(),MLPRegressor(),,,tanh,0.0001,"(150, 60, 30)",500,"{'preprocessing': StandardScaler(), 'regressor': MLPRegressor(), 'regressor__activation': 'tanh', 'regressor__alpha': 0.0001, 'regressor__hidden_layer_sizes': (150, 60, 30), 'regressor__max_iter': 500}",-0.3314637757073031,-0.317813414696531,-0.3332150230002377,-0.31583440580170524,-0.3245816548014443,0.007813803072128013,13,0.9241080034417484,0.9302003475952842,0.9248565971328115,0.9374281119315456,0.9291482650253474,0.00532647614880074,40,"[0,1]",log
27.626129925251007,4.92986848139772,0.0271492600440979,0.005936801963166842,StandardScaler(),MLPRegressor(),,,tanh,0.1,"(80, 40)",500,"{'preprocessing': StandardScaler(), 'regressor': MLPRegressor(), 'regressor__activation': 'tanh', 'regressor__alpha': 0.1, 'regressor__hidden_layer_sizes': (80, 40), 'regressor__max_iter': 500}",-0.3228034280596336,-0.3123069248219076,-0.31620372610948055,-0.31704513982571625,-0.31708980470418446,0.003751951560307767,7,0.9210184691058614,0.9307114941024438,0.9229007770937537,0.9232710763112554,0.9244754541533285,0.003700306531012025,51,"[0,1]",log
35.41983848810196,2.6655375239920716,0.039731621742248535,0.0047689612932929545,StandardScaler(),MLPRegressor(),,,tanh,0.1,"(150, 60)",500,"{'preprocessing': StandardScaler(), 'regressor': MLPRegressor(), 'regressor__activation': 'tanh', 'regressor__alpha': 0.1, 'regressor__hidden_layer_sizes': (150, 60), 'regressor__max_iter': 500}",-0.3316990500867594,-0.31488202359765044,-0.32325212686002863,-0.3170749533621036,-0.3217270384766355,0.0065242439166539054,10,0.917634325549996,0.9283447929561619,0.919231786652146,0.927532239692543,0.9231857862127117,0.0047947845740433205,52,"[0,1]",log
38.63198059797287,4.75501682717688,0.04645180702209473,0.012554883428312555,StandardScaler(),MLPRegressor(),,,tanh,0.1,"(150, 60, 30)",500,"{'preprocessing': StandardScaler(), 'regressor': MLPRegressor(), 'regressor__activation': 'tanh', 'regressor__alpha': 0.1, 'regressor__hidden_layer_sizes': (150, 60, 30), 'regressor__max_iter': 500}",-0.32010192812330635,-0.32344421748647134,-0.31777446097428125,-0.32323791574795113,-0.32113963058300254,0.0023513354885790014,9,0.9319736406672455,0.924618049055044,0.919408310062221,0.9156273535654138,0.922906838337481,0.006131185555145058,53,"[0,1]",log
22.42324787378311,4.437242740880554,0.01671236753463745,0.0019339427157863483,StandardScaler(),MLPRegressor(),,,relu,0.0001,"(80, 40)",500,"{'preprocessing': StandardScaler(), 'regressor': MLPRegressor(), 'regressor__activation': 'relu', 'regressor__alpha': 0.0001, 'regressor__hidden_layer_sizes': (80, 40), 'regressor__max_iter': 500}",-0.3413831059946402,-0.3363809890008271,-0.33941698888840116,-0.33528437756516927,-0.3381163653622594,0.0024184138352795824,56,0.8955405487517806,0.9034258720913024,0.8989217644254214,0.9030825278048377,0.9002426782683355,0.0032423873795170426,84,"[0,1]",log
25.407597303390503,2.859196909623264,0.026889383792877197,0.008472938474202997,StandardScaler(),MLPRegressor(),,,relu,0.0001,"(150, 60)",500,"{'preprocessing': StandardScaler(), 'regressor': MLPRegressor(), 'regressor__activation': 'relu', 'regressor__alpha': 0.0001, 'regressor__hidden_layer_sizes': (150, 60), 'regressor__max_iter': 500}",-0.34082050141124,-0.32673695649621404,-0.33183504590146073,-0.32554805724539093,-0.3312351402635764,0.0060169677904697095,44,0.9064122132239152,0.9130859574816099,0.8922867335225174,0.9266719111604294,0.909614203847118,0.012384591473744662,71,"[0,1]",log
35.40986514091492,3.695545970853437,0.0244787335395813,0.0029604534109939516,StandardScaler(),MLPRegressor(),,,relu,0.0001,"(150, 60, 30)",500,"{'preprocessing': StandardScaler(), 'regressor': MLPRegressor(), 'regressor__activation': 'relu', 'regressor__alpha': 0.0001, 'regressor__hidden_layer_sizes': (150, 60, 30), 'regressor__max_iter': 500}",-0.3397825362269874,-0.32853361943309917,-0.3319620490178846,-0.33083960737033924,-0.3327794530120776,0.0042279258419119095,45,0.9081133279805926,0.9234077352512924,0.9106805012720935,0.9176477771494401,0.9149623354133546,0.005995402033388733,62,"[0,1]",log
20.61458057165146,3.05020046241728,0.01714998483657837,0.0038889612651611468,StandardScaler(),MLPRegressor(),,,relu,0.1,"(80, 40)",500,"{'preprocessing': StandardScaler(), 'regressor': MLPRegressor(), 'regressor__activation': 'relu', 'regressor__alpha': 0.1, 'regressor__hidden_layer_sizes': (80, 40), 'regressor__max_iter': 500}",-0.3544819328827697,-0.3249755393684667,-0.3364106865094436,-0.3352130380597156,-0.3377702992050989,0.01062276695006569,55,0.887879310464324,0.9062763301645212,0.9022773072184027,0.905185186428163,0.9004045335688527,0.007377688187752402,83,"[0,1]",log
30.298288702964783,2.9181518470963552,0.02335292100906372,0.0016292425264359696,StandardScaler(),MLPRegressor(),,,relu,0.1,"(150, 60)",500,"{'preprocessing': StandardScaler(), 'regressor': MLPRegressor(), 'regressor__activation': 'relu', 'regressor__alpha': 0.1, 'regressor__hidden_layer_sizes': (150, 60), 'regressor__max_iter': 500}",-0.3391326372418595,-0.34161373188944777,-0.330415980065217,-0.3329346685168145,-0.3360242544283347,0.0045250023326064304,53,0.904348525932402,0.883946001655631,0.9101839133143816,0.899841851278018,0.8995800730451082,0.009742590613500876,85,"[0,1]",log
31.731830537319183,4.106203574864887,0.021858274936676025,0.002423009125497456,StandardScaler(),MLPRegressor(),,,relu,0.1,"(150, 60, 30)",500,"{'preprocessing': StandardScaler(), 'regressor': MLPRegressor(), 'regressor__activation': 'relu', 'regressor__alpha': 0.1, 'regressor__hidden_layer_sizes': (150, 60, 30), 'regressor__max_iter': 500}",-0.33732169241415194,-0.316446575765545,-0.3399382674410878,-0.32517875088752446,-0.32972132162707735,0.009473719497636,38,0.912117912885807,0.9177601412823887,0.8779551609683768,0.927042994007901,0.9087190522861184,0.01854371452034152,73,"[0,1]",log
